gpu_count,avg_train_time,avg_val_loss
1,5.347389676515013,0.0033214708091691
2,2.722980800177902,0.0033872604253701
3,2.019046306144446,0.0031029021483846
4,1.624943949561566,0.0032912535766139
