gpu_count,avg_train_time,avg_val_loss
1,31.248076039366424,0.003659435478039
2,30.105342786759135,0.0035850478801876
