gpu_count,avg_train_time,avg_val_loss
1,5.997829445948203,0.002926462624842922
2,2.788276138405005,0.0037617208436131477
3,1.919699809420854,0.003981313978632291
4,1.052927075419575,0.021006034066279728
