gpu_count,avg_train_time,avg_val_loss
1,6.583952427282929,0.004115651361644268
2,3.3868864767253397,0.0036233437713235617
4,2.0777393312193455,0.003632705134805292
