gpu_count,avg_train_time,avg_val_loss
1,5.9467066003941,0.003032236243598163
2,2.7541707210242747,0.0038771744972715774
3,1.9019048183225096,0.004794517531991005
4,1.044936290755868,0.006245752994591991
