gpu_count,avg_train_time,avg_val_loss
1,7.267075365968049,0.0023234810214489
2,3.8424330338835717,0.0030693438602611
3,2.927987262792885,0.0026416517794132
4,2.3319278372451664,0.0035826179082505
