gpu_count,avg_train_time,avg_val_loss
1,10.685616546776146,0.003010080382227898
2,3.780632001813501,0.0045345610318084555
3,2.6710762495175002,0.01415355441470941
4,2.8256173289380966,0.044860431303580604
