gpu_count,avg_train_time,avg_val_loss
1,72.99691522975142,0.0026713008061051
2,70.54026243649423,0.0032040995080024
