gpu_count,avg_train_time,avg_val_loss
1,6.995116991270334,0.002613457036204636
2,3.6624071628786625,0.0029913754551671445
4,2.289608057774603,0.002639095240738243
