gpu_count,avg_train_time,avg_val_loss
1,7.222470419760794,0.0025206345599144
2,3.8008369082584976,0.0028362774173729
3,2.8657313242554663,0.0015449972706846
4,2.306109276227653,0.0022830886300653
