gpu_count,avg_train_time,avg_val_loss
1,72.26111263766263,0.0029454915784299
2,72.11030611628667,0.002983843977563
