gpu_count,train_time,avg_val_loss
1,42.232399571919814,1.5972225991162388
2,46.09522905899212,4.0828564383766865
3,50.89174525812268,9.719081333705358
4,55.236222678096965,19.367285537719727
