gpu_count,train_time,avg_val_loss
1,33.07865288713947,3.826529188589616
