gpu_count,train_time
1,32.728247444028966
2,29.51772914151661
4,29.17713244346669
