gpu_count,avg_train_time,avg_val_loss
1,59.34411296527833,0.1190734654664993
2,46.91539286496118,0.3665738970041275
