gpu_count,avg_train_time,avg_val_loss
1,10.621531943045557,0.022104357928037645
2,4.83276918111369,0.022857851747955595
3,3.242326027434319,0.05653228397880282
4,2.1449108120985327,0.064097248379673277
