gpu_count,train_time,avg_val_loss
1,34.795489712980476,2.549818374893882
