gpu_count,train_time,avg_val_loss
1,11.032852354925126,418.97503662109375
2,12.95245204900857,291.31024169921875
3,9.628670427016914,131.05413818359375
4,13.200791355338879,116.35773468017578
