gpu_count,avg_train_time,avg_val_loss
1,10.625447536508242,0.022245044882098833
2,4.832036701031029,0.024824367836117744
3,3.2506227248037853,0.036538882447140555
4,2.1571997522066035,0.06297092139720917
