gpu_count,avg_train_time,avg_val_loss
1,23.771106070280076,0.0259383060038089
2,12.416084552742541,0.0245412681251764
3,8.77549010347575,0.0243162382394075
4,6.803316986002028,0.022677591536194
