gpu_count,train_time,avg_val_loss
1,120.84026420649349,0.02651410814224169
