gpu_count,avg_train_time,avg_val_loss
1,33.36227695979178,0.051260218024253845
2,19.63476311098784,0.023278231266885996
4,11.46742334831506,0.022587782703340054
