gpu_count,avg_train_time,avg_val_loss
1,18.143853626120837,0.0229315268807113
2,9.636781634576618,0.0213048113510012
3,6.837028436362743,0.0470628216862678
4,5.395339941233397,0.0235404651612043
