gpu_count,avg_train_time,avg_val_loss
1,100.34559798855335,0.0963533528149128
