gpu_count,train_time,avg_val_loss
1,41.74268478597514,1.4638269272717563
2,45.041319377021864,5.318272157148882
3,51.22752630687319,11.02045726776123
4,54.33753080107272,17.099479293823244
