train_loss,val_loss,epoch,time
0.0005017385151909871,0.0035049219615757464,0,78.83286073990166
