train_loss,val_loss,epoch,time
0.0008970268730384608,0.0037158371647819876,0,80.42194058094174
0.0007193595908271769,0.003727884544059634,1,56.7248570760712
0.000655864462411652,0.0037630052072927358,2,56.8356706276536
