train_loss,val_loss,epoch,time
0.00259932572953403,0.008191052125766873,0,2.0547252213582397
0.001055537723004818,0.003667174547445029,1,1.5597691899165511
0.0007225865265354514,0.003173741395585239,2,1.5248587862588465
0.000652297108899802,0.0030915216193534434,3,1.4752717833034694
0.0005938825197517872,0.004391253576613963,4,1.5100947669707239
