train_loss,val_loss,epoch,time
0.0010602455586194992,0.0034654915798455477,0,2.0758170560002327
0.000664781779050827,0.0036420492688193917,1,1.6660532290115952
0.0006302939145825803,0.00294516613939777,2,1.6553577701561153
0.0008910643518902361,0.003428816969972104,3,1.700553554110229
0.00048612061073072255,0.0031692134216427803,4,1.6965572866611183
