train_loss,val_loss,epoch,time
0.0005148415997003516,0.0035850478801876307,0,30.105342786759138
