train_loss,val_loss,epoch,time
0.0010567441349849105,0.004639840684831142,0,2.271548316348344
