train_loss,val_loss,epoch,time
0.0010727021828010354,0.0027308533317409456,0,57.682401224039495
