train_loss,val_loss,epoch,time
0.00021320449013728648,0.003110812813974917,0,6.001499300822616
8.892609184840694e-05,0.002984000618259112,1,5.997237177100033
7.174641359597445e-05,0.002926462624842922,2,5.994751859921962
