train_loss,val_loss,epoch,time
0.01285063661634922,0.01837513968348503,0,1.926314976066351
0.0018772105686366558,0.0030557902064174414,1,1.9183811857365072
0.0014862288953736424,0.003452771110460162,2,1.909268995281309
0.0009434481034986675,0.004276825425525506,3,1.9365426790900528
0.000972913927398622,0.003981313978632291,4,1.9079912109300494
