train_loss,val_loss,epoch,time
0.0023360303603112698,0.005323146586306393,0,3.053234922233969
0.0012890917714685202,0.003960644477047026,1,2.50839600013569
0.0010285397293046117,0.00389572128187865,2,2.508877490181476
0.0008730674744583666,0.0037849537329748273,3,2.5083120022900403
0.0007867117528803647,0.003778755373787135,4,2.5085298749618232
