train_loss,val_loss,epoch,time
0.00113355100620538,0.0032744459652652345,0,2.7905358760617673
0.00273312209174037,0.008503641933202744,1,2.787499186117202
0.0009351218468509614,0.0037617208436131477,2,2.786793353036046
