train_loss,val_loss,epoch,time
0.40996822714805603,0.011726935394108295,0,1.0658632097765803
0.016065126284956932,0.019667251656452816,1,1.0562706631608307
0.038814712315797806,0.021006034066279728,2,1.0366473533213139
