train_loss,val_loss,epoch,time
0.0007397280423901975,0.004187492071650922,0,7.029338041320443
0.0006127109518274665,0.003762379288673401,1,6.483061785344034
0.0005651426617987454,0.0037586569669656456,2,6.468377879820764
0.0005382836679928005,0.004113336675800383,3,6.4692564769648015
0.00048673732089810073,0.004115651361644268,4,6.469727952964604
