train_loss,val_loss,epoch,time
0.0052287522703409195,0.0022650925093330443,0,2.7300919629633427
0.0010757811833173037,0.004249100689776242,1,1.917940794955939
0.0009283052640967071,0.0039426772855222225,2,1.9011688232421875
0.0007935090106911957,0.003975768922828138,3,1.9185384828597307
0.0007378531736321747,0.003632705134805292,4,1.9209565920755267
