train_loss,val_loss,epoch,time
0.0014598333509638906,0.002706670667976141,0,2.6925895791500807
0.0007554549956694245,0.0040124086663126945,1,1.9188857791014016
0.0006792309577576816,0.0035540847457014024,2,1.8948024907149374
0.0005494075594469905,0.003392377693671733,3,1.9379028878174722
0.0005115959793329239,0.003155158832669258,4,1.8911230410449207
