train_loss,val_loss,epoch,time
0.002358442172408104,0.002308417111635208,0,2.754936337005347
0.0014014382613822818,0.00446343266715606,1,2.7544036670587957
0.0008851988823153079,0.004331055407722791,2,2.7543928059749305
0.0007870988920331001,0.003726438463975986,3,2.753646707162261
0.0006702997488901019,0.0038771744972715774,4,2.75347408792004
