train_loss,val_loss,epoch,time
0.0012193292948520845,0.003586389636620879,0,86.61090266285464
0.000665772001310769,0.0030656721210107207,1,63.26966621307656
0.0005530873184195823,0.0029838439775630833,2,66.45034947292879
