train_loss,val_loss,epoch,time
0.005760353524237871,0.0038154885405674577,0,2.4420158807188272
0.0017204743344336748,0.003130196768324822,1,2.251442771870643
0.0013391879620030522,0.0030246052192524076,2,2.284882076084614
0.0007822511252015829,0.0021153056295588613,3,2.2727122800424695
0.0005808227579109371,0.0031871904502622783,4,2.2680932213552296
