train_loss,val_loss,epoch,time
0.0011118714206127657,0.0032756468281149864,0,85.50717111723498
0.00071267793343092,0.003419759636744857,1,61.7416253881529
0.0005431494015889863,0.0032040995080024003,2,64.37199080409482
