train_loss,val_loss,epoch,time
0.002330098068341613,0.005694557563401759,0,3.536838377825916
