train_loss,val_loss,epoch,time
0.0020193238034034553,0.003026612161193043,0,67.0784065448679
