train_loss,val_loss,epoch,time
0.003679539542645216,0.002944891748484224,0,2.6394303548149765
0.00118580914568156,0.002324949426110834,1,2.2158508421853185
0.000768733792938292,0.0021617943421006203,2,2.281122657004744
0.0006210083956830204,0.0034759039408527315,3,2.269036919809878
0.0006344073335640132,0.0035826179082505405,4,2.254198412410915
