train_loss,val_loss,epoch,time
0.0021477697882801294,0.004966605454683304,0,3.6676258300431073
0.0015437607653439045,0.003169099858496338,1,3.659607187844813
0.0012913600075989962,0.0034006432397291064,2,3.661120277363807
0.0011165683390572667,0.0031532046268694103,3,3.660844799131155
0.000973755493760109,0.0029913754551671445,4,3.6628377200104296
