train_loss,val_loss,epoch,time
0.009324698708951473,0.03519793848196665,0,2.67682630289346
0.03964400663971901,0.06765976299842198,1,2.662972444202751
0.03875420242547989,0.05068154881397883,2,2.493711001239717
