train_loss,val_loss,epoch,time
0.0004868280957452953,0.00278279654836903,0,10.698091400787234
0.00022779946448281407,0.0029213082200537127,1,10.687537202611566
0.00012443643936421722,0.0030004044296219946,2,10.681856171227992
9.016467811306939e-05,0.0030859363032504916,3,10.680260992143303
6.20077844359912e-05,0.003010080382227898,4,10.680336967110634
