train_loss,val_loss,epoch,time
0.0046504102647304535,0.0013073534064460546,0,2.251434588804841
0.0026607008185237646,0.0066641903249546885,1,2.2883411520160735
0.001891417196020484,0.0021361601538956165,2,2.297327110078186
0.001334784785285592,0.00325236952630803,3,2.294259001966566
0.0011283414205536246,0.002639095240738243,4,2.3166784360073507
