train_loss,val_loss,epoch,time
0.008750231936573982,0.025541017452875774,0,2.6198397763073444
0.020020464435219765,0.031427410120765366,1,2.692727535031736
0.02269277535378933,0.040694678823153176,2,2.6003477638587356
0.027652133256196976,0.0449110542734464,3,3.1017238488420844
0.030305905267596245,0.044860431303580604,4,3.1134477206505835
