train_loss,val_loss,epoch,time
0.004548793192952871,0.007004019804298878,0,3.789111618883908
0.005252219270914793,0.013682152144610882,1,3.7793005742132664
0.0033555212430655956,0.0068091343467434244,2,3.7781531419605017
0.0029143618885427713,0.006800684457023938,3,3.7779077901504934
0.0021924730390310287,0.0045345610318084555,4,3.7786868838593364
