train_loss,val_loss,epoch,time
0.0014785967068746686,0.003990680503193289,0,6.997287316247821
0.0011212644167244434,0.0031104093068279326,1,6.995304053649306
0.0009123619529418647,0.002920469385571778,2,6.993992515839636
0.0007663538563065231,0.0027732508606277406,3,6.994505512993783
0.0006836436223238707,0.002613457036204636,4,6.994495557621121
