train_loss,val_loss,epoch,time
0.003000725293532014,0.00656820647418499,0,3.785970726981759
0.004991760477423668,0.008486394149561724,1,3.780308449175209
0.00255009438842535,0.004739915486425161,2,3.779727816116065
