train_loss,val_loss,epoch,time
0.00038797862362116575,0.002898738160729408,0,10.69471481628716
0.00022143688693176955,0.0029401573274905482,1,10.681329483166337
0.00013640336692333221,0.0028925032742942373,2,10.679480518214405
