train_loss,val_loss,epoch,time
0.008755787275731564,0.03859427819649378,0,2.7191420127637684
0.02184978313744068,0.02727162589629491,1,2.737914034165442
0.0027514155954122543,0.004835877877970536,2,2.72022687504068
