train_loss,val_loss
832.6309204101562,3.8864684104919434
