train_loss,val_loss,epoch
0.21749663794482196,0.17047706652771344,0
0.12156704868431445,0.11549540609121323,1
0.07861361404259999,0.06690844012932344,2
0.0660950795367912,0.059292480518872086,3
0.03611455954335354,0.030337995595552704,4
0.018401397047219454,0.01945358125323599,5
