train_loss,val_loss,epoch,time
1.1353739102681477,0.2592684030532837,0,61.74165119417012
0.34612446361117893,0.1981195777654648,1,40.47408533305861
