train_loss,val_loss,epoch,time
4549.73193359375,70.5991439819336,0,5.957417041994631
0.027941690757870674,0.032355260103940964,1,5.201212310232222
0.023488633334636688,0.024115837644785643,2,5.228462930303067
0.0238396767526865,0.022078911308199167,3,5.291699230670929
0.023737171664834023,0.023540465161204338,4,5.297908192966133
