train_loss,val_loss,epoch,time
0.024598363786935806,0.02223865528191839,0,4.831380056217313
0.02378850430250168,0.021556324192455838,1,4.834247973747551
0.022731656208634377,0.0227477422782353,2,4.834284203127027
0.022437745705246925,0.02305470859365804,3,4.83177804062143
0.022302575409412384,0.022857851747955595,4,4.83215563185513
