train_loss,val_loss,epoch,time
0.06799405068159103,0.028967699967324734,0,11.771486483048648
