train_loss,val_loss,epoch
27.92558278844637,0.16165125708688388,0
0.5238879111384144,0.16941820491443982,1
0.22718375583155817,0.20295747030865063,2
