train_loss,val_loss,epoch,time
0.054022856056690216,0.044440439902246,0,11.23713101586327
0.023361364379525185,0.02570207603275776,1,10.828429971821606
0.022954123094677925,0.02169903088361025,2,10.885539478156716
0.022639200091362,0.02266991138458252,3,10.876183963846415
0.02303866483271122,0.02317469334229827,4,10.860073085874319
