train_loss,val_loss,epoch,time
1.67104971408844,0.7406172275543212,0,118.15198747999966
0.328845610221227,0.24824981838464738,1,95.64002418518066
0.17714287837346396,0.15538007467985154,2,96.04379160190001
0.12688180721468395,0.11585786193609238,3,95.87377515994012
0.10375680360529158,0.0963533528149128,4,96.01841151574627
