train_loss,val_loss,epoch,time
0.021818166598677635,0.02298172830293576,0,10.595116230193526
0.021829113364219666,0.02246263443181912,1,10.621160509996116
0.021090617403388023,0.021925022018452485,2,10.630602455232292
0.02091067284345627,0.0222582363213102,3,10.629614457022399
0.020852267742156982,0.022104357928037645,4,10.63116606278345
