train_loss,val_loss,epoch,time
0.0217841025441885,0.02237988170236349,0,10.604120106901973
0.02130454033613205,0.02200600169599056,1,10.63077115174383
0.021030183881521225,0.022245044882098833,2,10.641451350878924
