train_loss,val_loss,epoch,time
0.02384701743721962,0.02644034894183278,0,71.60672930674627
