train_loss,val_loss,epoch
2831.510986328125,35.815486907958984,0
699.5269165039062,12.644706726074219,1
279.3193054199219,6.527005195617676,2
