train_loss,val_loss,epoch
2318.78955078125,111.55278015136719,0
