train_loss,val_loss,epoch,time
0.03463641554117203,0.022345293313264847,0,18.999037749134004
0.02716805413365364,0.030283132568001747,1,9.547333826310933
0.02446802891790867,0.022989860270172358,2,9.597492995206267
0.0229257233440876,0.02220428828150034,3,9.567838220857084
0.02256755903363228,0.022587782703340054,4,9.625413950067014
