train_loss,val_loss,epoch
350.9191536469893,1.9679862260818481,0
