train_loss,val_loss,epoch
0.1734223829375373,0.11647669293663719,0
0.07336336070740665,0.06398456679149107,1
0.043607755253712334,0.04035768810320984,2
0.025491808713586243,0.02728646273978732,3
0.013963442916671434,0.01379668103023009,4
0.006726368658106636,0.008214934983036735,5
0.002099222805420006,0.0046779010021551085,6
0.0019404129599462504,0.004616212692450394,7
0.001850323639465151,0.004569754808802496,8
0.0017562938543657463,0.004530666247856888,9
