train_loss,val_loss,epoch,time
160.19508361816406,0.5918853623526437,0,2.2844971478916705
160.13938903808594,0.5918853538376945,1,2.104551517404616
0.05792069435119629,0.024806810542941093,2,2.1425169282592833
0.03296900540590286,0.02837278081902436,3,2.091990073211491
0.029513997957110405,0.024097248379673277,4,2.100998393725604
