train_loss,val_loss,epoch,time
0.06347819417715073,0.05470687949231693,0,4.824100228957832
0.022065093740820885,0.026784964704087803,1,4.83971955627203
0.021848175674676895,0.024824367836117744,2,4.832290317863226
