train_loss,val_loss,epoch,time
3318.22216796875,177.22691781180245,0,2.2579971943050623
3319.396484375,177.22691781180245,1,2.0540266311727464
0.12581591308116913,0.06297092139720917,2,2.1595754311420023
