train_loss,val_loss,epoch,time
1458.412109375,57.794460024152485,0,3.285757158882916
0.04815242066979408,0.03306905020560537,1,3.231279860716313
0.0375787727534771,0.036538882447140555,2,3.2348311548121274
