train_loss,val_loss,epoch,time
0.02783244103193283,0.02534565282985568,0,30.323803029954433
0.023809026926755905,0.024960797745734453,1,16.966904351953417
0.023558419197797775,0.02282528765499592,2,16.960123841185123
0.02337145432829857,0.02287541702389717,3,16.957184589933604
0.02327357605099678,0.023278231266885996,4,16.965799741912633
